Question Prompt,Answer Choice A,Answer Choice B,Answer Choice C,Answer Choice D,Correct Answer (letter),Category
What is Earth’s position from the Sun in the order of planets?,First,Second,Third,Fourth,c,space
"Which planet in the solar system has water in all three states of matter: solid, liquid, and gas?",Earth,Venus,Jupiter,Mars,a,space
Which two planets in our solar system have no moons?,Mercury and Venus,Saturn and Uranus,Mars and Neptune,Jupiter and Earth,a,space
Which planet is the hottest planet in our solar system?,Mercury,Venus,Earth,Neptune,b,space
How old is our solar system?,7.2 billion years old,6.75 billion years old,3.5 billion years old,4.57 billion years old,d,space
Which two planets in our solar system are known as the ice giants?,Venus and Neptune,Venus and Mars,Uranus and Neptune,Neptune and Jupiter,c,space
What color does a sunset appear on Mars?,Red,Orange,Green,Blue,d,space
Which planet is the smallest in our solar system?,Saturn,Earth,Mercury,Mars,c,space
On which planet is the largest volcano in our solar system located?,Jupiter,Mars,Earth,Uranus,b,space
Which planet in the solar system has an orbit that appears to be on its side?,Uranus,Neptune,Venus,Saturn,a,space
Chem question 1,c1a,c1b,c1c,c1d,a,chem
Chem question 2,c1a,c2b,c2c,c2d,b,chem
Chem question 3,c3a,c3b,c3c,c3d,c,chem
Chem question 4,c4a,c4b,c4c,c4d,d,chem
Chem question 5,c5a,c5b,c5c,c5d,a,chem
Chem question 6,c6a,c6b,c6c,c6d,b,chem
Chem question 7,c7a,c7b,c7c,c7d,c,chem
Chem question 8,c8a,c8b,c8c,c8d,d,chem
Chem question 9,c9a,c9b,c9c,c9d,a,chem
Chem question 10,c10a,c10b,c10c,c10d,b,chem
ocean question 1,o1a,o1b,o1c,o1d,a,ocean
ocean question 2,o2a,o2b,o2c,o2d,b,ocean
ocean question 3,o3a,o3b,o3c,o3d,c,ocean
ocean question 4,o4a,o4b,o4c,o4d,d,ocean
ocean question 5,o5a,o5b,o5c,o5d,a,ocean
ocean question 6,o6a,o6b,o6c,o6d,b,ocean
ocean question 7,o7a,o7b,o7c,o7d,c,ocean
ocean question 8,o8a,o8b,o8c,o8d,d,ocean
ocean question 9,o9a,o9b,o9c,o9d,a,ocean
ocean question 10,o10a,o10b,o10c,o10d,b,ocean